{
  "project_info": {
    "project_number": "292094485850",
    "project_id": "aliexpress-a6db2",
    "storage_bucket": "aliexpress-a6db2.firebasestorage.app"
  },
  "client": [
    {
      "client_info": {
        "mobilesdk_app_id": "1:292094485850:android:d1023e590344b3c86cff63",
        "android_client_info": {
          "package_name": "com.example.aliexpress"
        }
      },
      "oauth_client": [],
      "api_key": [
        {
          "current_key": "AIzaSyAKkzfHfR55864DvcGgNgrTJtMLArPb-SU"
        }
      ],
      "services": {
        "appinvite_service": {
          "other_platform_oauth_client": []
        }
      }
    }
  ],
  "configuration_version": "1"
}